<?xml version="1.0" encoding="utf-8" ?>
<dwsync>
<file name="OFL.txt" server="ec2-18-217-133-196.us-east-2.compute.amazonaws.com//var/www/html/" local="132447412900000000" remote="132447412900000000" Dst="1" />
<file name="Poppins-Black.ttf" server="ec2-18-217-133-196.us-east-2.compute.amazonaws.com//var/www/html/" local="132447412900000000" remote="132447412900000000" Dst="1" />
<file name="Poppins-BlackItalic.ttf" server="ec2-18-217-133-196.us-east-2.compute.amazonaws.com//var/www/html/" local="132447412900000000" remote="132447412900000000" Dst="1" />
<file name="Poppins-Bold.ttf" server="ec2-18-217-133-196.us-east-2.compute.amazonaws.com//var/www/html/" local="132447412900000000" remote="132447412900000000" Dst="1" />
<file name="Poppins-BoldItalic.ttf" server="ec2-18-217-133-196.us-east-2.compute.amazonaws.com//var/www/html/" local="132447412910000000" remote="132447412910000000" Dst="1" />
<file name="Poppins-ExtraBold.ttf" server="ec2-18-217-133-196.us-east-2.compute.amazonaws.com//var/www/html/" local="132447412910000000" remote="132447412910000000" Dst="1" />
<file name="Poppins-ExtraLight.ttf" server="ec2-18-217-133-196.us-east-2.compute.amazonaws.com//var/www/html/" local="132447412910000000" remote="132447412910000000" Dst="1" />
<file name="Poppins-ExtraBoldItalic.ttf" server="ec2-18-217-133-196.us-east-2.compute.amazonaws.com//var/www/html/" local="132447412910000000" remote="132447412910000000" Dst="1" />
<file name="Poppins-ExtraLightItalic.ttf" server="ec2-18-217-133-196.us-east-2.compute.amazonaws.com//var/www/html/" local="132447412910000000" remote="132447412910000000" Dst="1" />
<file name="Poppins-Italic.ttf" server="ec2-18-217-133-196.us-east-2.compute.amazonaws.com//var/www/html/" local="132447412910000000" remote="132447412910000000" Dst="1" />
<file name="Poppins-LightItalic.ttf" server="ec2-18-217-133-196.us-east-2.compute.amazonaws.com//var/www/html/" local="132447412920000000" remote="132447412920000000" Dst="1" />
<file name="Poppins-Light.ttf" server="ec2-18-217-133-196.us-east-2.compute.amazonaws.com//var/www/html/" local="132447412920000000" remote="132447412920000000" Dst="1" />
<file name="Poppins-Medium.ttf" server="ec2-18-217-133-196.us-east-2.compute.amazonaws.com//var/www/html/" local="132447412920000000" remote="132447412920000000" Dst="1" />
<file name="Poppins-MediumItalic.ttf" server="ec2-18-217-133-196.us-east-2.compute.amazonaws.com//var/www/html/" local="132447412920000000" remote="132447412920000000" Dst="1" />
<file name="Poppins-Regular.ttf" server="ec2-18-217-133-196.us-east-2.compute.amazonaws.com//var/www/html/" local="132447412920000000" remote="132447412920000000" Dst="1" />
<file name="Poppins-SemiBold.ttf" server="ec2-18-217-133-196.us-east-2.compute.amazonaws.com//var/www/html/" local="132447412920000000" remote="132447412920000000" Dst="1" />
<file name="Poppins-SemiBoldItalic.ttf" server="ec2-18-217-133-196.us-east-2.compute.amazonaws.com//var/www/html/" local="132447412930000000" remote="132447412930000000" Dst="1" />
<file name="Poppins-Thin.ttf" server="ec2-18-217-133-196.us-east-2.compute.amazonaws.com//var/www/html/" local="132447412930000000" remote="132447412930000000" Dst="1" />
<file name="Poppins-ThinItalic.ttf" server="ec2-18-217-133-196.us-east-2.compute.amazonaws.com//var/www/html/" local="132447412930000000" remote="132447412930000000" Dst="1" />
</dwsync>