<?xml version="1.0" encoding="utf-8" ?>
<dwsync>
<file name="lanordv2.1-bold-webfont.woff" server="ec2-18-217-133-196.us-east-2.compute.amazonaws.com//var/www/html/" local="132447412860000000" remote="132447412860000000" Dst="1" />
<file name="lanordv2.1-bold-webfont.woff2" server="ec2-18-217-133-196.us-east-2.compute.amazonaws.com//var/www/html/" local="132447412860000000" remote="132447412860000000" Dst="1" />
<file name="lanordv2.1-bolditalic-webfont.woff" server="ec2-18-217-133-196.us-east-2.compute.amazonaws.com//var/www/html/" local="132447412870000000" remote="132447412870000000" Dst="1" />
<file name="lanordv2.1-light-webfont.woff" server="ec2-18-217-133-196.us-east-2.compute.amazonaws.com//var/www/html/" local="132447412870000000" remote="132447412870000000" Dst="1" />
<file name="lanordv2.1-bolditalic-webfont.woff2" server="ec2-18-217-133-196.us-east-2.compute.amazonaws.com//var/www/html/" local="132447412870000000" remote="132447412870000000" Dst="1" />
<file name="lanordv2.1-light-webfont.woff2" server="ec2-18-217-133-196.us-east-2.compute.amazonaws.com//var/www/html/" local="132447412870000000" remote="132447412870000000" Dst="1" />
<file name="lanordv2.1-lightitalic-webfont.woff" server="ec2-18-217-133-196.us-east-2.compute.amazonaws.com//var/www/html/" local="132447412870000000" remote="132447412870000000" Dst="1" />
<file name="lanordv2.1-lightitalic-webfont.woff2" server="ec2-18-217-133-196.us-east-2.compute.amazonaws.com//var/www/html/" local="132447412870000000" remote="132447412870000000" Dst="1" />
<file name="lanordv2.1-medium-webfont.woff" server="ec2-18-217-133-196.us-east-2.compute.amazonaws.com//var/www/html/" local="132447412880000000" remote="132447412880000000" Dst="1" />
<file name="lanordv2.1-medium-webfont.woff2" server="ec2-18-217-133-196.us-east-2.compute.amazonaws.com//var/www/html/" local="132447412880000000" remote="132447412880000000" Dst="1" />
<file name="lanordv2.1-mediumitalic-webfont.woff" server="ec2-18-217-133-196.us-east-2.compute.amazonaws.com//var/www/html/" local="132447412880000000" remote="132447412880000000" Dst="1" />
<file name="lanordv2.1-mediumitalic-webfont.woff2" server="ec2-18-217-133-196.us-east-2.compute.amazonaws.com//var/www/html/" local="132447412880000000" remote="132447412880000000" Dst="1" />
<file name="lanordv2.1-regular-webfont.woff" server="ec2-18-217-133-196.us-east-2.compute.amazonaws.com//var/www/html/" local="132447412880000000" remote="132447412880000000" Dst="1" />
<file name="lanordv2.1-regular-webfont.woff2" server="ec2-18-217-133-196.us-east-2.compute.amazonaws.com//var/www/html/" local="132447412880000000" remote="132447412880000000" Dst="1" />
<file name="lanordv2.1-regularitalic-webfont.woff" server="ec2-18-217-133-196.us-east-2.compute.amazonaws.com//var/www/html/" local="132447412880000000" remote="132447412880000000" Dst="1" />
<file name="lanordv2.1-regularitalic-webfont.woff2" server="ec2-18-217-133-196.us-east-2.compute.amazonaws.com//var/www/html/" local="132447412880000000" remote="132447412880000000" Dst="1" />
<file name="lanordv2.1-semilight-webfont.woff" server="ec2-18-217-133-196.us-east-2.compute.amazonaws.com//var/www/html/" local="132447412890000000" remote="132447412890000000" Dst="1" />
<file name="lanordv2.1-semilight-webfont.woff2" server="ec2-18-217-133-196.us-east-2.compute.amazonaws.com//var/www/html/" local="132447412890000000" remote="132447412890000000" Dst="1" />
<file name="lanordv2.1-semilightitalic-webfont.woff" server="ec2-18-217-133-196.us-east-2.compute.amazonaws.com//var/www/html/" local="132447412890000000" remote="132447412890000000" Dst="1" />
<file name="lanordv2.1-semilightitalic-webfont.woff2" server="ec2-18-217-133-196.us-east-2.compute.amazonaws.com//var/www/html/" local="132447412890000000" remote="132447412890000000" Dst="1" />
</dwsync>