<?xml version="1.0" encoding="utf-8" ?>
<dwsync>
<file name="campaign-thumb2.jpg" server="ec2-18-217-133-196.us-east-2.compute.amazonaws.com//var/www/html/" local="132450952740000000" remote="132450952740000000" Dst="1" />
<file name="campaign-thumb1.jpg" server="ec2-18-217-133-196.us-east-2.compute.amazonaws.com//var/www/html/" local="132450952740000000" remote="132450952740000000" Dst="1" />
<file name="campaign-thumb3.jpg" server="ec2-18-217-133-196.us-east-2.compute.amazonaws.com//var/www/html/" local="132450952750000000" remote="132450952750000000" Dst="1" />
<file name="campaign-thumb4.jpg" server="ec2-18-217-133-196.us-east-2.compute.amazonaws.com//var/www/html/" local="132450952740000000" remote="132450952740000000" Dst="1" />
<file name="Group 2634.jpg" server="ec2-18-217-133-196.us-east-2.compute.amazonaws.com//var/www/html/" local="132450952700000000" remote="132450952700000000" Dst="1" />
<file name="ig-grid-2-pic1.jpg" server="ec2-18-217-133-196.us-east-2.compute.amazonaws.com//var/www/html/" local="132450952680000000" remote="132450952680000000" Dst="1" />
<file name="ig-grid-2-pic2.jpg" server="ec2-18-217-133-196.us-east-2.compute.amazonaws.com//var/www/html/" local="132450952700000000" remote="132450952700000000" Dst="1" />
<file name="ig-grid-2-pic3.jpg" server="ec2-18-217-133-196.us-east-2.compute.amazonaws.com//var/www/html/" local="132450952680000000" remote="132450952680000000" Dst="1" />
<file name="ig-grid-2-pic4.jpg" server="ec2-18-217-133-196.us-east-2.compute.amazonaws.com//var/www/html/" local="132450952680000000" remote="132450952680000000" Dst="1" />
<file name="ig-grid-3-pic1.jpg" server="ec2-18-217-133-196.us-east-2.compute.amazonaws.com//var/www/html/" local="132450952680000000" remote="132450952680000000" Dst="1" />
<file name="ig-grid-3-pic2.jpg" server="ec2-18-217-133-196.us-east-2.compute.amazonaws.com//var/www/html/" local="132450952690000000" remote="132450952690000000" Dst="1" />
<file name="ig-grid-3-pic3.jpg" server="ec2-18-217-133-196.us-east-2.compute.amazonaws.com//var/www/html/" local="132450952690000000" remote="132450952690000000" Dst="1" />
<file name="ig-grid-3-pic4.jpg" server="ec2-18-217-133-196.us-east-2.compute.amazonaws.com//var/www/html/" local="132450952670000000" remote="132450952670000000" Dst="1" />
<file name="ig-grid-4-pic1.jpg" server="ec2-18-217-133-196.us-east-2.compute.amazonaws.com//var/www/html/" local="132450952680000000" remote="132450952680000000" Dst="1" />
<file name="ig-grid-4-pic2.jpg" server="ec2-18-217-133-196.us-east-2.compute.amazonaws.com//var/www/html/" local="132450952670000000" remote="132450952670000000" Dst="1" />
<file name="ig-grid-4-pic3.jpg" server="ec2-18-217-133-196.us-east-2.compute.amazonaws.com//var/www/html/" local="132450952690000000" remote="132450952690000000" Dst="1" />
<file name="ig-grid-4-pic4.jpg" server="ec2-18-217-133-196.us-east-2.compute.amazonaws.com//var/www/html/" local="132450952690000000" remote="132450952690000000" Dst="1" />
<file name="ig-grid-pic1.jpg" server="ec2-18-217-133-196.us-east-2.compute.amazonaws.com//var/www/html/" local="132450952680000000" remote="132450952680000000" Dst="1" />
<file name="ig-grid-pic2.jpg" server="ec2-18-217-133-196.us-east-2.compute.amazonaws.com//var/www/html/" local="132450952680000000" remote="132450952680000000" Dst="1" />
<file name="ig-grid-pic3.jpg" server="ec2-18-217-133-196.us-east-2.compute.amazonaws.com//var/www/html/" local="132450952680000000" remote="132450952680000000" Dst="1" />
<file name="ig-grid-pic4.jpg" server="ec2-18-217-133-196.us-east-2.compute.amazonaws.com//var/www/html/" local="132450952700000000" remote="132450952700000000" Dst="1" />
<file name="ig-profpic1.png" server="ec2-18-217-133-196.us-east-2.compute.amazonaws.com//var/www/html/" local="132450952700000000" remote="132450952700000000" Dst="1" />
<file name="ig-profpic2.jpg" server="ec2-18-217-133-196.us-east-2.compute.amazonaws.com//var/www/html/" local="132450952690000000" remote="132450952690000000" Dst="1" />
<file name="ig-profpic3.jpg" server="ec2-18-217-133-196.us-east-2.compute.amazonaws.com//var/www/html/" local="132450952700000000" remote="132450952700000000" Dst="1" />
<file name="ig-profpic4.jpg" server="ec2-18-217-133-196.us-east-2.compute.amazonaws.com//var/www/html/" local="132450952690000000" remote="132450952690000000" Dst="1" />
<file name="app-screenshot2.jpg" server="ec2-18-217-133-196.us-east-2.compute.amazonaws.com//var/www/html/" local="132450952780000000" remote="132450952780000000" Dst="1" />
<file name="app-screenshot2.png" server="ec2-18-217-133-196.us-east-2.compute.amazonaws.com//var/www/html/" local="132450952790000000" remote="132450952790000000" Dst="1" />
<file name="app-screenshot-1.png" server="ec2-18-217-133-196.us-east-2.compute.amazonaws.com//var/www/html/" local="132450952780000000" remote="132450952780000000" Dst="1" />
<file name="desktop-screenshot01.svg" server="ec2-18-217-133-196.us-east-2.compute.amazonaws.com//var/www/html/" local="132450952700000000" remote="132450952700000000" Dst="1" />
<file name="desktop-screenshot02.svg" server="ec2-18-217-133-196.us-east-2.compute.amazonaws.com//var/www/html/" local="132450952700000000" remote="132450952700000000" Dst="1" />
<file name="man-w-dog.jpg" server="ec2-18-217-133-196.us-east-2.compute.amazonaws.com//var/www/html/" local="132450952710000000" remote="132450952710000000" Dst="1" />
<file name="surfing.jpg" server="ec2-18-217-133-196.us-east-2.compute.amazonaws.com//var/www/html/" local="132450952710000000" remote="132450952710000000" Dst="1" />
<file name="cody.jpg" server="ec2-18-217-133-196.us-east-2.compute.amazonaws.com//var/www/html/" local="132450952710000000" remote="132450952710000000" Dst="1" />
<file name="InfluencerSettings.svg" server="ec2-18-217-133-196.us-east-2.compute.amazonaws.com//var/www/html/" local="132450952710000000" remote="132450952710000000" Dst="1" />
<file name="rachel.jpg" server="ec2-18-217-133-196.us-east-2.compute.amazonaws.com//var/www/html/" local="132450952710000000" remote="132450952710000000" Dst="1" />
<file name="champagne-flute.jpg" server="ec2-18-217-133-196.us-east-2.compute.amazonaws.com//var/www/html/" local="132450952720000000" remote="132450952720000000" Dst="1" />
<file name="eliza.jpg" server="ec2-18-217-133-196.us-east-2.compute.amazonaws.com//var/www/html/" local="132450952720000000" remote="132450952720000000" Dst="1" />
<file name="plane-window.jpg" server="ec2-18-217-133-196.us-east-2.compute.amazonaws.com//var/www/html/" local="132450952720000000" remote="132450952720000000" Dst="1" />
<file name="DesktopChoose.svg" server="ec2-18-217-133-196.us-east-2.compute.amazonaws.com//var/www/html/" local="132450952720000000" remote="132450952720000000" Dst="1" />
<file name="MobileChoose.svg" server="ec2-18-217-133-196.us-east-2.compute.amazonaws.com//var/www/html/" local="132450952720000000" remote="132450952720000000" Dst="1" />
<file name="couple-on-beach.jpg" server="ec2-18-217-133-196.us-east-2.compute.amazonaws.com//var/www/html/" local="132450952730000000" remote="132450952730000000" Dst="1" />
<file name="sushi.jpg" server="ec2-18-217-133-196.us-east-2.compute.amazonaws.com//var/www/html/" local="132450952730000000" remote="132450952730000000" Dst="1" />
<file name="DesktopBudget.svg" server="ec2-18-217-133-196.us-east-2.compute.amazonaws.com//var/www/html/" local="132450952730000000" remote="132450952730000000" Dst="1" />
<file name="MobileBudget.svg" server="ec2-18-217-133-196.us-east-2.compute.amazonaws.com//var/www/html/" local="132450952730000000" remote="132450952730000000" Dst="1" />
<file name="photoshoot.jpg" server="ec2-18-217-133-196.us-east-2.compute.amazonaws.com//var/www/html/" local="132450952730000000" remote="132450952730000000" Dst="1" />
<file name="woman-yellow-croptop.jpg" server="ec2-18-217-133-196.us-east-2.compute.amazonaws.com//var/www/html/" local="132450952730000000" remote="132450952730000000" Dst="1" />
<file name="woman-in-field.jpg" server="ec2-18-217-133-196.us-east-2.compute.amazonaws.com//var/www/html/" local="132450952740000000" remote="132450952740000000" Dst="1" />
<file name="cheers.jpg" server="ec2-18-217-133-196.us-east-2.compute.amazonaws.com//var/www/html/" local="132450952750000000" remote="132450952750000000" Dst="1" />
<file name="woman-on-boat.jpg" server="ec2-18-217-133-196.us-east-2.compute.amazonaws.com//var/www/html/" local="132450952750000000" remote="132450952750000000" Dst="1" />
<file name="city-skyline.jpg" server="ec2-18-217-133-196.us-east-2.compute.amazonaws.com//var/www/html/" local="132450952760000000" remote="132450952760000000" Dst="1" />
<file name="phaedra-botanicals-yA7-DFITQGo-unsplash.jpg" server="ec2-18-217-133-196.us-east-2.compute.amazonaws.com//var/www/html/" local="132450952760000000" remote="132450952760000000" Dst="1" />
<file name="girl-in-hammock.jpg" server="ec2-18-217-133-196.us-east-2.compute.amazonaws.com//var/www/html/" local="132450952760000000" remote="132450952760000000" Dst="1" />
<file name="aden.jpg" server="ec2-18-217-133-196.us-east-2.compute.amazonaws.com//var/www/html/" local="132450952760000000" remote="132450952760000000" Dst="1" />
<file name="skateboarder.jpg" server="ec2-18-217-133-196.us-east-2.compute.amazonaws.com//var/www/html/" local="132450952760000000" remote="132450952760000000" Dst="1" />
<file name="women-yoga.jpg" server="ec2-18-217-133-196.us-east-2.compute.amazonaws.com//var/www/html/" local="132450952760000000" remote="132450952760000000" Dst="1" />
<file name="woman-in-white.jpg" server="ec2-18-217-133-196.us-east-2.compute.amazonaws.com//var/www/html/" local="132450952770000000" remote="132450952770000000" Dst="1" />
<file name="woman-posing.jpg" server="ec2-18-217-133-196.us-east-2.compute.amazonaws.com//var/www/html/" local="132450952770000000" remote="132450952770000000" Dst="1" />
<file name="woman-in-park.jpg" server="ec2-18-217-133-196.us-east-2.compute.amazonaws.com//var/www/html/" local="132450952770000000" remote="132450952770000000" Dst="1" />
<file name="woman-wearing-white.jpg" server="ec2-18-217-133-196.us-east-2.compute.amazonaws.com//var/www/html/" local="132450952770000000" remote="132450952770000000" Dst="1" />
<file name="DesktopScreenshot01.png" server="ec2-18-217-133-196.us-east-2.compute.amazonaws.com//var/www/html/" local="132450952770000000" remote="132450952770000000" Dst="1" />
<file name="DesktopScreenshot02.png" server="ec2-18-217-133-196.us-east-2.compute.amazonaws.com//var/www/html/" local="132450952770000000" remote="132450952770000000" Dst="1" />
<file name="MobileScreenshot1.png" server="ec2-18-217-133-196.us-east-2.compute.amazonaws.com//var/www/html/" local="132450952780000000" remote="132450952780000000" Dst="1" />
<file name="MobileScreenshot02.png" server="ec2-18-217-133-196.us-east-2.compute.amazonaws.com//var/www/html/" local="132450952780000000" remote="132450952780000000" Dst="1" />
<file name="Desktop & Mobile 3 (will be video).png" server="ec2-18-217-133-196.us-east-2.compute.amazonaws.com//var/www/html/" local="132450952780000000" remote="132450952780000000" Dst="1" />
<file name="Influencer-Desktop.png" server="ec2-18-217-133-196.us-east-2.compute.amazonaws.com//var/www/html/" local="132450952800000000" remote="132450952800000000" Dst="1" />
<file name="Influencer Desktop.png" server="ec2-18-217-133-196.us-east-2.compute.amazonaws.com//var/www/html/" local="132450952800000000" remote="132450952800000000" Dst="1" />
<file name="animation-top-bar.png" server="ec2-18-217-133-196.us-east-2.compute.amazonaws.com//var/www/html/" local="132450952710000000" remote="132450952710000000" Dst="1" />
<file name="choose-campaign-mobile.png" server="ec2-18-217-133-196.us-east-2.compute.amazonaws.com//var/www/html/" local="132450952740000000" remote="132450952740000000" Dst="1" />
<file name="budget-mobile.png" server="ec2-18-217-133-196.us-east-2.compute.amazonaws.com//var/www/html/" local="132450952740000000" remote="132450952740000000" Dst="1" />
<file name="budget-desktop.png" server="ec2-18-217-133-196.us-east-2.compute.amazonaws.com//var/www/html/" local="132450952750000000" remote="132450952750000000" Dst="1" />
<file name="choose-campaign.png" server="ec2-18-217-133-196.us-east-2.compute.amazonaws.com//var/www/html/" local="132450952750000000" remote="132450952750000000" Dst="1" />
<file name="influencer-settings.png" server="ec2-18-217-133-196.us-east-2.compute.amazonaws.com//var/www/html/" local="132450952760000000" remote="132450952760000000" Dst="1" />
<file name="Box-header.png" server="ec2-18-217-133-196.us-east-2.compute.amazonaws.com//var/www/html/" local="132450952770000000" remote="132450952770000000" Dst="1" />
<file name="aden-fraserr.png" server="ec2-18-217-133-196.us-east-2.compute.amazonaws.com//var/www/html/" local="132450952780000000" remote="132450952780000000" Dst="1" />
<file name="cody-rudd.png" server="ec2-18-217-133-196.us-east-2.compute.amazonaws.com//var/www/html/" local="132450952790000000" remote="132450952790000000" Dst="1" />
<file name="eliza-merritt.png" server="ec2-18-217-133-196.us-east-2.compute.amazonaws.com//var/www/html/" local="132450952790000000" remote="132450952790000000" Dst="1" />
<file name="rachel-waller-card.png" server="ec2-18-217-133-196.us-east-2.compute.amazonaws.com//var/www/html/" local="132450952790000000" remote="132450952790000000" Dst="1" />
<file name="influencer-card-desktop.png" server="ec2-18-217-133-196.us-east-2.compute.amazonaws.com//var/www/html/" local="132450952790000000" remote="132450952790000000" Dst="1" />
<file name="upload-create-ad.svg" server="ec2-18-217-133-196.us-east-2.compute.amazonaws.com//var/www/html/" local="132450952650000000" remote="132450952650000000" Dst="1" />
<file name="animation-top-bar-sm.png" server="ec2-18-217-133-196.us-east-2.compute.amazonaws.com//var/www/html/" local="132450952700000000" remote="132450952700000000" Dst="1" />
<file name="JaneDoe.png" server="ec2-18-217-133-196.us-east-2.compute.amazonaws.com//var/www/html/" local="132450952720000000" remote="132450952720000000" Dst="1" />
<file name="top-tabs.svg" server="ec2-18-217-133-196.us-east-2.compute.amazonaws.com//var/www/html/" local="132450952720000000" remote="132450952720000000" Dst="1" />
<file name="hand-cream.png" server="ec2-18-217-133-196.us-east-2.compute.amazonaws.com//var/www/html/" local="132450952750000000" remote="132450952750000000" Dst="1" />
<file name="placeholder-lotion.png" server="ec2-18-217-133-196.us-east-2.compute.amazonaws.com//var/www/html/" local="132450952720000000" remote="132450952720000000" Dst="1" />
<file name="placeholder-shoulder.png" server="ec2-18-217-133-196.us-east-2.compute.amazonaws.com//var/www/html/" local="132450952740000000" remote="132450952740000000" Dst="1" />
<file name="placeholder-upload-hand.png" server="ec2-18-217-133-196.us-east-2.compute.amazonaws.com//var/www/html/" local="132450952740000000" remote="132450952740000000" Dst="1" />
</dwsync>