<?xml version="1.0" encoding="utf-8" ?>
<dwsync>
<file name="signup.html" server="ec2-18-217-133-196.us-east-2.compute.amazonaws.com//var/www/html/" local="132468354620000000" remote="132468354620000000" Dst="1" />
<file name="reset-password.html" server="ec2-18-217-133-196.us-east-2.compute.amazonaws.com//var/www/html/" local="132468354620000000" remote="132468354620000000" Dst="1" />
<file name="start-advertising-influencer.html" server="ec2-18-217-133-196.us-east-2.compute.amazonaws.com//var/www/html/" local="132468354630000000" remote="132468354630000000" Dst="1" />
<file name="complete-account-influencer.html" server="ec2-18-217-133-196.us-east-2.compute.amazonaws.com//var/www/html/" local="132468354630000000" remote="132468354630000000" Dst="1" />
<file name="footer.html" server="ec2-18-217-133-196.us-east-2.compute.amazonaws.com//var/www/html/" local="132468354650000000" remote="132468354650000000" Dst="1" />
<file name="forgot-password.html" server="ec2-18-217-133-196.us-east-2.compute.amazonaws.com//var/www/html/" local="132583401830147095" remote="132468354650000000" Dst="1" />
<file name="influencer-signup-paypal.html" server="ec2-18-217-133-196.us-east-2.compute.amazonaws.com//var/www/html/" local="132468354660000000" remote="132468354660000000" Dst="1" />
<file name="influencer-signup-interests.html" server="ec2-18-217-133-196.us-east-2.compute.amazonaws.com//var/www/html/" local="132468354660000000" remote="132468354660000000" Dst="1" />
<file name="influencer-signup-code.html" server="ec2-18-217-133-196.us-east-2.compute.amazonaws.com//var/www/html/" local="132468365130000000" remote="132468365130000000" Dst="1" />
<file name="contact.html" server="ec2-18-217-133-196.us-east-2.compute.amazonaws.com//var/www/html/" local="132468399710000000" remote="132468399710000000" Dst="1" />
<file name="faq.html" server="ec2-18-217-133-196.us-east-2.compute.amazonaws.com//var/www/html/" local="132469937960000000" remote="132469937960000000" Dst="1" />
<file name="complete-account-advertiser.html" server="ec2-18-217-133-196.us-east-2.compute.amazonaws.com//var/www/html/" local="132470057070000000" remote="132470057070000000" Dst="1" />
<file name="blog.html" server="ec2-18-217-133-196.us-east-2.compute.amazonaws.com//var/www/html/" local="132472899940000000" remote="132472899940000000" Dst="1" />
<file name="find-jobs.html" server="ec2-18-217-133-196.us-east-2.compute.amazonaws.com//var/www/html/" local="132575905400000000" remote="132575905400000000" Dst="1" />
<file name="messages-influencer.html" server="ec2-18-217-133-196.us-east-2.compute.amazonaws.com//var/www/html/" local="132581154960000000" remote="132581154960000000" Dst="1" />
<file name="messages-advertiser.html" server="ec2-18-217-133-196.us-east-2.compute.amazonaws.com//var/www/html/" local="132581154970000000" remote="132581154970000000" Dst="1" />
<file name="payment.html" server="ec2-18-217-133-196.us-east-2.compute.amazonaws.com//var/www/html/" local="132496187070000000" remote="132496187070000000" Dst="1" />
<file name="admin_users.php" server="ec2-18-217-133-196.us-east-2.compute.amazonaws.com//var/www/html/" local="132500669090000000" remote="132500669090000000" Dst="1" />
<file name="paypal-connect.html" server="ec2-18-217-133-196.us-east-2.compute.amazonaws.com//var/www/html/" local="132567178030000000" remote="132567178030000000" Dst="1" />
<file name="start-advertising-advertiser.html" server="ec2-18-217-133-196.us-east-2.compute.amazonaws.com//var/www/html/" local="132567178190000000" remote="132567178190000000" Dst="1" />
<file name="index.html" server="ec2-18-217-133-196.us-east-2.compute.amazonaws.com//var/www/html/" local="132567073930000000" remote="132567073930000000" Dst="1" />
<file name="dashboard.html" server="ec2-18-217-133-196.us-east-2.compute.amazonaws.com//var/www/html/" local="132568522060000000" remote="132568522060000000" Dst="1" />
<file name="find-influencers.html" server="ec2-18-217-133-196.us-east-2.compute.amazonaws.com//var/www/html/" local="132575430230000000" remote="132575430230000000" Dst="1" />
<file name="login.html" server="ec2-18-217-133-196.us-east-2.compute.amazonaws.com//var/www/html/" local="132521823060000000" remote="132521823060000000" Dst="1" />
<file name="report.html" server="ec2-18-217-133-196.us-east-2.compute.amazonaws.com//var/www/html/" local="132539086160000000" remote="132539086160000000" Dst="1" />
<file name="instagram-connect.html" server="ec2-18-217-133-196.us-east-2.compute.amazonaws.com//var/www/html/" local="132567177750000000" remote="132567177750000000" Dst="1" />
<file name="favorites.html" server="ec2-18-217-133-196.us-east-2.compute.amazonaws.com//var/www/html/" local="132583401909622421" remote="132575430160000000" Dst="1" />
<file name="new-campaign.html" server="ec2-18-217-133-196.us-east-2.compute.amazonaws.com//var/www/html/" local="132575430700000000" remote="132575430700000000" Dst="1" />
<file name="dashboard-influencer.html" server="ec2-18-217-133-196.us-east-2.compute.amazonaws.com//var/www/html/" local="132575430540000000" remote="132575430540000000" Dst="1" />
</dwsync>