<?xml version="1.0" encoding="utf-8" ?>
<dwsync>
<file name="jquery-3.5.1.min.js" server="ec2-18-217-133-196.us-east-2.compute.amazonaws.com//var/www/html/" local="132447412860000000" remote="132447412860000000" Dst="1" />
<file name="jquery.timepicker.min.js" server="ec2-18-217-133-196.us-east-2.compute.amazonaws.com//var/www/html/" local="132448350690000000" remote="132448350690000000" Dst="1" />
<file name="ion.rangeSlider.js" server="ec2-18-217-133-196.us-east-2.compute.amazonaws.com//var/www/html/" local="132448871060000000" remote="132448871060000000" Dst="1" />
<file name="footer.js" server="ec2-18-217-133-196.us-east-2.compute.amazonaws.com//var/www/html/" local="132508178760000000" remote="132508178760000000" Dst="1" />
<file name="headerInfluencer.js" server="ec2-18-217-133-196.us-east-2.compute.amazonaws.com//var/www/html/" local="132568743320000000" remote="132568743320000000" Dst="1" />
<file name="general.js" server="ec2-18-217-133-196.us-east-2.compute.amazonaws.com//var/www/html/" local="132575433090000000" remote="132575433090000000" Dst="1" />
<file name="main.js" server="ec2-18-217-133-196.us-east-2.compute.amazonaws.com//var/www/html/" local="132515721190000000" remote="132515721190000000" Dst="1" />
<file name="findInfluencers.js" server="ec2-18-217-133-196.us-east-2.compute.amazonaws.com//var/www/html/" local="132575433040000000" remote="132575433040000000" Dst="1" />
<file name="dashboardInfluencer.js" server="ec2-18-217-133-196.us-east-2.compute.amazonaws.com//var/www/html/" local="132575433250000000" remote="132575433250000000" Dst="1" />
<file name="favorites.js" server="ec2-18-217-133-196.us-east-2.compute.amazonaws.com//var/www/html/" local="132529785690000000" remote="132529785690000000" Dst="1" />
<file name="header.js" server="ec2-18-217-133-196.us-east-2.compute.amazonaws.com//var/www/html/" local="132575433090000000" remote="132575433090000000" Dst="1" />
<file name="menus.js" server="ec2-18-217-133-196.us-east-2.compute.amazonaws.com//var/www/html/" local="132575433420000000" remote="132575433420000000" Dst="1" />
<file name="findJobs.js" server="ec2-18-217-133-196.us-east-2.compute.amazonaws.com//var/www/html/" local="132575906250000000" remote="132575906250000000" Dst="1" />
<file name="messages.js" server="ec2-18-217-133-196.us-east-2.compute.amazonaws.com//var/www/html/" local="132581155570000000" remote="132581155570000000" Dst="1" />
<file name="dashboard.js" server="ec2-18-217-133-196.us-east-2.compute.amazonaws.com//var/www/html/" local="132568743090000000" remote="132568743090000000" Dst="1" />
<file name="newCampaign.js" server="ec2-18-217-133-196.us-east-2.compute.amazonaws.com//var/www/html/" local="132575432920000000" remote="132575432920000000" Dst="1" />
</dwsync>