<?xml version="1.0" encoding="utf-8" ?>
<dwsync>
<file name="arrow-long.svg" server="ec2-18-217-133-196.us-east-2.compute.amazonaws.com//var/www/html/" local="132450952390000000" remote="132450952390000000" Dst="1" />
<file name="arrow-short.svg" server="ec2-18-217-133-196.us-east-2.compute.amazonaws.com//var/www/html/" local="132450952380000000" remote="132450952380000000" Dst="1" />
<file name="clock.svg" server="ec2-18-217-133-196.us-east-2.compute.amazonaws.com//var/www/html/" local="132450952390000000" remote="132450952390000000" Dst="1" />
<file name="ellipsis.svg" server="ec2-18-217-133-196.us-east-2.compute.amazonaws.com//var/www/html/" local="132450952390000000" remote="132450952390000000" Dst="1" />
<file name="ig-icon.svg" server="ec2-18-217-133-196.us-east-2.compute.amazonaws.com//var/www/html/" local="132450952400000000" remote="132450952400000000" Dst="1" />
<file name="location-pin.svg" server="ec2-18-217-133-196.us-east-2.compute.amazonaws.com//var/www/html/" local="132450952380000000" remote="132450952380000000" Dst="1" />
<file name="search-small.svg" server="ec2-18-217-133-196.us-east-2.compute.amazonaws.com//var/www/html/" local="132450952390000000" remote="132450952390000000" Dst="1" />
<file name="verified-check.svg" server="ec2-18-217-133-196.us-east-2.compute.amazonaws.com//var/www/html/" local="132450952390000000" remote="132450952390000000" Dst="1" />
<file name="filter-icon-sm.svg" server="ec2-18-217-133-196.us-east-2.compute.amazonaws.com//var/www/html/" local="132450952410000000" remote="132450952410000000" Dst="1" />
<file name="chevron-down-sm.svg" server="ec2-18-217-133-196.us-east-2.compute.amazonaws.com//var/www/html/" local="132450952370000000" remote="132450952370000000" Dst="1" />
<file name="ionic-ios-notifications.png" server="ec2-18-217-133-196.us-east-2.compute.amazonaws.com//var/www/html/" local="132450952370000000" remote="132450952370000000" Dst="1" />
<file name="Icon-feather-message-square.svg" server="ec2-18-217-133-196.us-east-2.compute.amazonaws.com//var/www/html/" local="132450952380000000" remote="132450952380000000" Dst="1" />
<file name="Back-Arrow.svg" server="ec2-18-217-133-196.us-east-2.compute.amazonaws.com//var/www/html/" local="132450952400000000" remote="132450952400000000" Dst="1" />
<file name="icon-awesome-facebook-f.svg" server="ec2-18-217-133-196.us-east-2.compute.amazonaws.com//var/www/html/" local="132450952380000000" remote="132450952380000000" Dst="1" />
<file name="question-mark.svg" server="ec2-18-217-133-196.us-east-2.compute.amazonaws.com//var/www/html/" local="132450952380000000" remote="132450952380000000" Dst="1" />
<file name="arrow-left.svg" server="ec2-18-217-133-196.us-east-2.compute.amazonaws.com//var/www/html/" local="132450952390000000" remote="132450952390000000" Dst="1" />
<file name="see-password.svg" server="ec2-18-217-133-196.us-east-2.compute.amazonaws.com//var/www/html/" local="132450952400000000" remote="132450952400000000" Dst="1" />
<file name="arrow-right.svg" server="ec2-18-217-133-196.us-east-2.compute.amazonaws.com//var/www/html/" local="132450952400000000" remote="132450952400000000" Dst="1" />
<file name="icon-awesome-link.svg" server="ec2-18-217-133-196.us-east-2.compute.amazonaws.com//var/www/html/" local="132450952400000000" remote="132450952400000000" Dst="1" />
<file name="paypal-logo.svg" server="ec2-18-217-133-196.us-east-2.compute.amazonaws.com//var/www/html/" local="132450952410000000" remote="132450952410000000" Dst="1" />
<file name="instagram-color-icon.png" server="ec2-18-217-133-196.us-east-2.compute.amazonaws.com//var/www/html/" local="132450952410000000" remote="132450952410000000" Dst="1" />
<file name="chevron-down.svg" server="ec2-18-217-133-196.us-east-2.compute.amazonaws.com//var/www/html/" local="132450952370000000" remote="132450952370000000" Dst="1" />
<file name="Photo-Select-Delete.svg" server="ec2-18-217-133-196.us-east-2.compute.amazonaws.com//var/www/html/" local="132450952380000000" remote="132450952380000000" Dst="1" />
<file name="placeholder-image.png" server="ec2-18-217-133-196.us-east-2.compute.amazonaws.com//var/www/html/" local="132450952410000000" remote="132450952410000000" Dst="1" />
<file name="toggle-dot.svg" server="ec2-18-217-133-196.us-east-2.compute.amazonaws.com//var/www/html/" local="132450952410000000" remote="132450952410000000" Dst="1" />
<file name="upload-plus.png" server="ec2-18-217-133-196.us-east-2.compute.amazonaws.com//var/www/html/" local="132450952380000000" remote="132450952380000000" Dst="1" />
<file name="dollar-sign.svg" server="ec2-18-217-133-196.us-east-2.compute.amazonaws.com//var/www/html/" local="132450952370000000" remote="132450952370000000" Dst="1" />
<file name="location-pin-lg.svg" server="ec2-18-217-133-196.us-east-2.compute.amazonaws.com//var/www/html/" local="132450952390000000" remote="132450952390000000" Dst="1" />
<file name="icon-awesome-link-rust.svg" server="ec2-18-217-133-196.us-east-2.compute.amazonaws.com//var/www/html/" local="132450952400000000" remote="132450952400000000" Dst="1" />
<file name="chevron-back.png" server="ec2-18-217-133-196.us-east-2.compute.amazonaws.com//var/www/html/" local="132450952410000000" remote="132450952410000000" Dst="1" />
<file name="personIconPlus.png" server="ec2-18-217-133-196.us-east-2.compute.amazonaws.com//var/www/html/" local="132472056360000000" remote="132472056360000000" Dst="1" />
<file name="personIcon.png" server="ec2-18-217-133-196.us-east-2.compute.amazonaws.com//var/www/html/" local="132472056380000000" remote="132472056380000000" Dst="1" />
<file name="arrow-up-down.jpg" server="ec2-18-217-133-196.us-east-2.compute.amazonaws.com//var/www/html/" local="132472681370000000" remote="132472681370000000" Dst="1" />
<file name="intagram-black.png" server="ec2-18-217-133-196.us-east-2.compute.amazonaws.com//var/www/html/" local="132477146240000000" remote="132477146240000000" Dst="1" />
<file name="tiktok.svg" server="ec2-18-217-133-196.us-east-2.compute.amazonaws.com//var/www/html/" local="132477146310000000" remote="132477146310000000" Dst="1" />
<file name="folderUpload.png" server="ec2-18-217-133-196.us-east-2.compute.amazonaws.com//var/www/html/" local="132479542140000000" remote="132479542140000000" Dst="1" />
<file name="star.png" server="ec2-18-217-133-196.us-east-2.compute.amazonaws.com//var/www/html/" local="132481712810000000" remote="132481712810000000" Dst="1" />
<file name="checkmarkBlue.png" server="ec2-18-217-133-196.us-east-2.compute.amazonaws.com//var/www/html/" local="132482533340000000" remote="132482533340000000" Dst="1" />
<file name="Icon map-location-arrow.svg" server="ec2-18-217-133-196.us-east-2.compute.amazonaws.com//var/www/html/" local="132497756090000000" remote="132497756090000000" Dst="1" />
<file name="accountIcon.png" server="ec2-18-217-133-196.us-east-2.compute.amazonaws.com//var/www/html/" local="132497756130000000" remote="132497756130000000" Dst="1" />
<file name="accountCamera.png" server="ec2-18-217-133-196.us-east-2.compute.amazonaws.com//var/www/html/" local="132497756150000000" remote="132497756150000000" Dst="1" />
<file name="beigeDollar.png" server="ec2-18-217-133-196.us-east-2.compute.amazonaws.com//var/www/html/" local="132524681120000000" remote="132524681120000000" Dst="1" />
<file name="Icon awesome-smile.png" server="ec2-18-217-133-196.us-east-2.compute.amazonaws.com//var/www/html/" local="132524681160000000" remote="132524681160000000" Dst="1" />
<file name="iconsBlack.png" server="ec2-18-217-133-196.us-east-2.compute.amazonaws.com//var/www/html/" local="132524681250000000" remote="132524681250000000" Dst="1" />
<file name="chatTypingIcon.png" server="ec2-18-217-133-196.us-east-2.compute.amazonaws.com//var/www/html/" local="132526988020000000" remote="132526988020000000" Dst="1" />
<file name="Icon ionic-ios-notifications.png" server="ec2-18-217-133-196.us-east-2.compute.amazonaws.com//var/www/html/" local="132528206440000000" remote="132528206440000000" Dst="1" />
<file name="notifcation2.png" server="ec2-18-217-133-196.us-east-2.compute.amazonaws.com//var/www/html/" local="132529846430000000" remote="132529846430000000" Dst="1" />
<file name="notifcation3.png" server="ec2-18-217-133-196.us-east-2.compute.amazonaws.com//var/www/html/" local="132529846430000000" remote="132529846430000000" Dst="1" />
<file name="notifcation4.png" server="ec2-18-217-133-196.us-east-2.compute.amazonaws.com//var/www/html/" local="132529846430000000" remote="132529846430000000" Dst="1" />
<file name="notifcation5.png" server="ec2-18-217-133-196.us-east-2.compute.amazonaws.com//var/www/html/" local="132529846430000000" remote="132529846430000000" Dst="1" />
<file name="notifcation0.png" server="ec2-18-217-133-196.us-east-2.compute.amazonaws.com//var/www/html/" local="132529846430000000" remote="132529846430000000" Dst="1" />
<file name="notifcation1.png" server="ec2-18-217-133-196.us-east-2.compute.amazonaws.com//var/www/html/" local="132529846440000000" remote="132529846440000000" Dst="1" />
<file name="coupon.png" server="ec2-18-217-133-196.us-east-2.compute.amazonaws.com//var/www/html/" local="132531766170000000" remote="132531766170000000" Dst="1" />
<file name="gift.png" server="ec2-18-217-133-196.us-east-2.compute.amazonaws.com//var/www/html/" local="132531766200000000" remote="132531766200000000" Dst="1" />
</dwsync>