<?xml version="1.0" encoding="utf-8" ?>
<dwsync>
<file name="blog-article-thumbnail-1.png" server="ec2-18-217-133-196.us-east-2.compute.amazonaws.com//var/www/html/" local="132465721250000000" remote="132465721250000000" Dst="1" />
<file name="blog-article-thumbnail-0.png" server="ec2-18-217-133-196.us-east-2.compute.amazonaws.com//var/www/html/" local="132465721250000000" remote="132465721250000000" Dst="1" />
<file name="blog-article-thumbnail-2.png" server="ec2-18-217-133-196.us-east-2.compute.amazonaws.com//var/www/html/" local="132465721250000000" remote="132465721250000000" Dst="1" />
<file name="blog-article-thumbnail-3.png" server="ec2-18-217-133-196.us-east-2.compute.amazonaws.com//var/www/html/" local="132465721250000000" remote="132465721250000000" Dst="1" />
<file name="blog-article-thumbnail-4.png" server="ec2-18-217-133-196.us-east-2.compute.amazonaws.com//var/www/html/" local="132465721280000000" remote="132465721280000000" Dst="1" />
<file name="blog-article-thumbnail-5.png" server="ec2-18-217-133-196.us-east-2.compute.amazonaws.com//var/www/html/" local="132465721270000000" remote="132465721270000000" Dst="1" />
<file name="blog-article-thumbnail-6.png" server="ec2-18-217-133-196.us-east-2.compute.amazonaws.com//var/www/html/" local="132465721270000000" remote="132465721270000000" Dst="1" />
<file name="blog-article-thumbnail-7.png" server="ec2-18-217-133-196.us-east-2.compute.amazonaws.com//var/www/html/" local="132465721280000000" remote="132465721280000000" Dst="1" />
<file name="blog-article-thumbnail-8.png" server="ec2-18-217-133-196.us-east-2.compute.amazonaws.com//var/www/html/" local="132465721280000000" remote="132465721280000000" Dst="1" />
<file name="blog-article-thumbnail-9.png" server="ec2-18-217-133-196.us-east-2.compute.amazonaws.com//var/www/html/" local="132465721280000000" remote="132465721280000000" Dst="1" />
</dwsync>